{"UheclnWMKMK1SCSnVTbZ2Q==":"logo.png","VQ4TyNzhKugWqwSh2diNDg==":"top-header.jpeg","/i+NAi2Fcr9nfgk8S6+9kA==":"top%20header2-1366x768.jpg","Fby8e6clEbkGaxwulzRkFA==":"back-1349x661.jpg","36wVi+uzYTh9VjmRuh+ABA==":"deck-437x512.jpg","MEeIRXtZc5F9fbS5npReSg==":"1-member-437x512.jpg","NTzGGt9G1IxCbsUwBeOEFw==":"2-member-437x512.jpg","qJaa2PVeboP1BtvvQW3YGQ==":"3-member-437x512.jpg","u4Wka7rsvXq3bLLGfiBYFw==":"4-member-437x512.jpg","sjmqAXAYyfB9GMMWELS7pg==":"5-member-437x512.jpg","bQzOlPeA3Xeww/5cJQgP2A==":"top%20header3-1366x768.jpg","chGNtRx2LGbSHSAS/mYj+Q==":"top%20header3-1366x768.jpg","KGPh7WriYORXnSvV706AvA==":"bg1-1366x768.jpg","wKSN46HpQVN3s6kkPBj+GA==":"bg2-1366x554.jpg","ewbQuVGfATMumu1IdrO1Nw==":"bg2-1-1366x554.jpg","GhL8ZMZLCFnLqySaelBLkw==":"white%20logo-426x192.png"}